{
"Profiles": [
{
  "Transparency" : 0.24664228723404255,
  "Tags" : [

  ],
  "Ansi 12 Color" : {
    "Green Component" : 0.34725069999694824,
    "Red Component" : 0.074933364987373352,
    "Blue Component" : 0.47479093074798584
  },
  "Ansi 7 Color" : {
    "Green Component" : 0.98070180416107178,
    "Red Component" : 0.98026049137115479,
    "Blue Component" : 0.96549803018569946
  },
  "Draw Powerline Glyphs" : true,
  "Bold Color" : {
    "Green Component" : 1,
    "Red Component" : 1,
    "Blue Component" : 0.98028081655502319
  },
  "Ansi 8 Color" : {
    "Green Component" : 0.3565424382686615,
    "Red Component" : 0.34871619939804077,
    "Blue Component" : 0.34851333498954773
  },
  "Ansi 9 Color" : {
    "Green Component" : 0.55888265371322632,
    "Red Component" : 0.81987529993057251,
    "Blue Component" : 0.651419997215271
  },
  "Ansi 1 Color" : {
    "Green Component" : 0.24660280346870422,
    "Red Component" : 0.81089001893997192,
    "Blue Component" : 0.38021323084831238
  },
  "Rows" : 55,
  "Default Bookmark" : "No",
  "Ansi 2 Color" : {
    "Green Component" : 0.71854472160339355,
    "Red Component" : 0.48304364085197449,
    "Blue Component" : 0.35710996389389038
  },
  "Blend" : 0.050000000000000003,
  "Cursor Guide Color" : {
    "Red Component" : 0.70214027166366577,
    "Color Space" : "sRGB",
    "Blue Component" : 1,
    "Alpha Component" : 0.25,
    "Green Component" : 0.92681378126144409
  },
  "Non-ASCII Anti Aliased" : true,
  "Use Bright Bold" : true,
  "Ansi 10 Color" : {
    "Green Component" : 0.49610027670860291,
    "Red Component" : 0.46425256133079529,
    "Blue Component" : 0.17100538313388824
  },
  "Ambiguous Double Width" : false,
  "Jobs to Ignore" : [
    "rlogin",
    "ssh",
    "slogin",
    "telnet"
  ],
  "Ansi 15 Color" : {
    "Green Component" : 0.71090340614318848,
    "Red Component" : 0.6965288519859314,
    "Blue Component" : 0.68263441324234009
  },
  "Foreground Color" : {
    "Red Component" : 0.017059326171875,
    "Color Space" : "sRGB",
    "Blue Component" : 0.016585571691393852,
    "Alpha Component" : 1,
    "Green Component" : 0.017006397330693521
  },
  "Working Directory" : "\/Users\/kaoru_yamakawa",
  "Blinking Cursor" : false,
  "Disable Window Resizing" : true,
  "Sync Title" : false,
  "Prompt Before Closing 2" : false,
  "BM Growl" : true,
  "Mouse Reporting" : true,
  "Command" : "",
  "Description" : "Default",
  "Screen" : -2,
  "Selection Color" : {
    "Green Component" : 0.34349527955055237,
    "Red Component" : 0.089366093277931213,
    "Blue Component" : 0.46659797430038452
  },
  "Only The Default BG Color Uses Transparency" : true,
  "Columns" : 250,
  "Idle Code" : 0,
  "Ansi 13 Color" : {
    "Green Component" : 0.25756442546844482,
    "Red Component" : 0.37626489996910095,
    "Blue Component" : 0.56739711761474609
  },
  "Custom Command" : "No",
  "ASCII Anti Aliased" : true,
  "Non Ascii Font" : "Monaco 12",
  "Vertical Spacing" : 1,
  "Use Bold Font" : true,
  "Option Key Sends" : 0,
  "Selected Text Color" : {
    "Green Component" : 0.96665072441101074,
    "Red Component" : 0.97033727169036865,
    "Blue Component" : 0.9264865517616272
  },
  "Background Color" : {
    "Red Component" : 0.25848388671875,
    "Color Space" : "sRGB",
    "Blue Component" : 0.0049380771815776825,
    "Alpha Component" : 1,
    "Green Component" : 0.0049380771815776825
  },
  "Character Encoding" : 4,
  "Ansi 11 Color" : {
    "Green Component" : 0.35025951266288757,
    "Red Component" : 0.46875584125518799,
    "Blue Component" : 0.1833186000585556
  },
  "Use Italic Font" : true,
  "Unlimited Scrollback" : false,
  "Keyboard Map" : {
    "0xf700-0x260000" : {
      "Text" : "[1;6A",
      "Action" : 10
    },
    "0x37-0x40000" : {
      "Text" : "0x1f",
      "Action" : 11
    },
    "0x32-0x40000" : {
      "Text" : "0x00",
      "Action" : 11
    },
    "0xf709-0x20000" : {
      "Text" : "[17;2~",
      "Action" : 10
    },
    "0xf70c-0x20000" : {
      "Text" : "[20;2~",
      "Action" : 10
    },
    "0xf729-0x20000" : {
      "Text" : "[1;2H",
      "Action" : 10
    },
    "0xf72b-0x40000" : {
      "Text" : "[1;5F",
      "Action" : 10
    },
    "0xf705-0x20000" : {
      "Text" : "[1;2Q",
      "Action" : 10
    },
    "0xf703-0x260000" : {
      "Text" : "[1;6C",
      "Action" : 10
    },
    "0xf700-0x220000" : {
      "Text" : "[1;2A",
      "Action" : 10
    },
    "0xf701-0x280000" : {
      "Text" : "0x1b 0x1b 0x5b 0x42",
      "Action" : 11
    },
    "0x38-0x40000" : {
      "Text" : "0x7f",
      "Action" : 11
    },
    "0x33-0x40000" : {
      "Text" : "0x1b",
      "Action" : 11
    },
    "0xf703-0x220000" : {
      "Text" : "[1;2C",
      "Action" : 10
    },
    "0xf701-0x240000" : {
      "Text" : "[1;5B",
      "Action" : 10
    },
    "0xf70d-0x20000" : {
      "Text" : "[21;2~",
      "Action" : 10
    },
    "0xf702-0x260000" : {
      "Text" : "[1;6D",
      "Action" : 10
    },
    "0xf729-0x40000" : {
      "Text" : "[1;5H",
      "Action" : 10
    },
    "0xf706-0x20000" : {
      "Text" : "[1;2R",
      "Action" : 10
    },
    "0x34-0x40000" : {
      "Text" : "0x1c",
      "Action" : 11
    },
    "0xf700-0x280000" : {
      "Text" : "0x1b 0x1b 0x5b 0x41",
      "Action" : 11
    },
    "0x2d-0x40000" : {
      "Text" : "0x1f",
      "Action" : 11
    },
    "0xf70e-0x20000" : {
      "Text" : "[23;2~",
      "Action" : 10
    },
    "0xf702-0x220000" : {
      "Text" : "[1;2D",
      "Action" : 10
    },
    "0xf703-0x280000" : {
      "Text" : "0x1b 0x1b 0x5b 0x43",
      "Action" : 11
    },
    "0xf700-0x240000" : {
      "Text" : "[1;5A",
      "Action" : 10
    },
    "0xf707-0x20000" : {
      "Text" : "[1;2S",
      "Action" : 10
    },
    "0xf70a-0x20000" : {
      "Text" : "[18;2~",
      "Action" : 10
    },
    "0x35-0x40000" : {
      "Text" : "0x1d",
      "Action" : 11
    },
    "0xf70f-0x20000" : {
      "Text" : "[24;2~",
      "Action" : 10
    },
    "0xf703-0x240000" : {
      "Text" : "[1;5C",
      "Action" : 10
    },
    "0xf701-0x260000" : {
      "Text" : "[1;6B",
      "Action" : 10
    },
    "0xf702-0x280000" : {
      "Text" : "0x1b 0x1b 0x5b 0x44",
      "Action" : 11
    },
    "0xf72b-0x20000" : {
      "Text" : "[1;2F",
      "Action" : 10
    },
    "0x36-0x40000" : {
      "Text" : "0x1e",
      "Action" : 11
    },
    "0xf708-0x20000" : {
      "Text" : "[15;2~",
      "Action" : 10
    },
    "0xf701-0x220000" : {
      "Text" : "[1;2B",
      "Action" : 10
    },
    "0xf70b-0x20000" : {
      "Text" : "[19;2~",
      "Action" : 10
    },
    "0xf702-0x240000" : {
      "Text" : "[1;5D",
      "Action" : 10
    },
    "0xf704-0x20000" : {
      "Text" : "[1;2P",
      "Action" : 10
    }
  },
  "Window Type" : 15,
  "Blur Radius" : 2.0265541888297878,
  "Background Image Location" : "",
  "Blur" : false,
  "Badge Color" : {
    "Red Component" : 1,
    "Color Space" : "sRGB",
    "Blue Component" : 0,
    "Alpha Component" : 0.5,
    "Green Component" : 0.14910030364990234
  },
  "Scrollback Lines" : 1000,
  "Send Code When Idle" : false,
  "Close Sessions On End" : true,
  "Terminal Type" : "xterm-256color",
  "Visual Bell" : true,
  "Flashing Bell" : false,
  "Silence Bell" : false,
  "Ansi 14 Color" : {
    "Green Component" : 0.73511248826980591,
    "Red Component" : 0.46331635117530823,
    "Blue Component" : 0.79221165180206299
  },
  "Name" : "Default",
  "Cursor Text Color" : {
    "Green Component" : 0.22283002734184265,
    "Red Component" : 0.20568123459815979,
    "Blue Component" : 0.20856963098049164
  },
  "Minimum Contrast" : 0,
  "Shortcut" : "",
  "Cursor Color" : {
    "Green Component" : 0.81186991930007935,
    "Red Component" : 0.92885816097259521,
    "Blue Component" : 0.31030187010765076
  },
  "Ansi 0 Color" : {
    "Green Component" : 0.22283002734184265,
    "Red Component" : 0.20568123459815979,
    "Blue Component" : 0.20856963098049164
  },